ZoneID;ControllerID;Name;Name2;Area1;Area2;Area3;Area4;ZoneType1;ZoneType2;ZoneType3;ZoneType4;LogToEventBuffer;TestForTroubleCondition;BypassingNotAllowed;LatchBypassingNotAllowed;ZoneInverted;LogZoneEventwhenBypassed;TamperZoneifModuleOffline;TamperFollowsBypassState;NoBypassIfAnyAreaArmed;ResistorsEnabled2RRequired;Use2K26K8EOLResistors;ControlPGM;ControlAutomation;ReportingID;AlarmZoneSpeed;RestoreZoneSpeed;LastModified;LastModifiedValid;ControlPGMGroup;Module;ModuleAddress;ModuleZone;FloorPlan;Camera;InputEndOfLine;Created;LastOperator;SupportManualCommands;SEIndex;Commands;ZoneLockout;ZoneLockoutCount;HostControllerRef;EnableRemoteMonitor;ReportingService;KeypadDisplayName;ZoneBypassingEnabled;ZoneIsAStayZone;ForceArmingOnZoneAllowed;KLESInputLEDDisplay1;KLESInputLEDDisplay2;KLESInputLEDDisplay3;KLESInputLEDDisplay4
0;0;MyController CP1 Input 1;MyController CP1 Input 1;2147483647;2147483647;2147483647;2147483647;2147483647;2147483647;2147483647;2147483647;True;False;False;False;False;False;False;True;False;True;False;2147483647;2147483647;1;5;5;2022-09-21 13:26:40.837;True;2147483647;1;0;0;2147483647;2147483647;4;2022-09-21 13:26:40.837;Admin;True;0;;False;1;0;False;2147483647;;False;False;False;2147483647;2147483647;2147483647;2147483647
1;0;MyController CP1 Input 2;MyController CP1 Input 2;2147483647;2147483647;2147483647;2147483647;2147483647;2147483647;2147483647;2147483647;True;False;False;False;False;False;False;True;False;True;False;2147483647;2147483647;2;5;5;2022-09-21 13:26:40.880;True;2147483647;1;0;1;2147483647;2147483647;4;2022-09-21 13:26:40.880;Admin;True;0;;False;1;0;False;2147483647;;False;False;False;2147483647;2147483647;2147483647;2147483647
2;0;MyController CP1 Input 3;MyController CP1 Input 3;2147483647;2147483647;2147483647;2147483647;2147483647;2147483647;2147483647;2147483647;True;False;False;False;False;False;False;True;False;True;False;2147483647;2147483647;3;5;5;2022-09-21 13:26:40.903;True;2147483647;1;0;2;2147483647;2147483647;4;2022-09-21 13:26:40.903;Admin;True;0;;False;1;0;False;2147483647;;False;False;False;2147483647;2147483647;2147483647;2147483647
3;0;MyController CP1 Input 4;MyController CP1 Input 4;2147483647;2147483647;2147483647;2147483647;2147483647;2147483647;2147483647;2147483647;True;False;False;False;False;False;False;True;False;True;False;2147483647;2147483647;4;5;5;2022-09-21 13:26:40.937;True;2147483647;1;0;3;2147483647;2147483647;4;2022-09-21 13:26:40.937;Admin;True;0;;False;1;0;False;2147483647;;False;False;False;2147483647;2147483647;2147483647;2147483647
4;0;MyController CP1 Input 5;MyController CP1 Input 5;2147483647;2147483647;2147483647;2147483647;2147483647;2147483647;2147483647;2147483647;True;False;False;False;False;False;False;True;False;True;False;2147483647;2147483647;5;5;5;2022-09-21 13:26:40.970;True;2147483647;1;0;4;2147483647;2147483647;4;2022-09-21 13:26:40.970;Admin;True;0;;False;1;0;False;2147483647;;False;False;False;2147483647;2147483647;2147483647;2147483647
5;0;MyController CP1 Input 6;MyController CP1 Input 6;2147483647;2147483647;2147483647;2147483647;2147483647;2147483647;2147483647;2147483647;True;False;False;False;False;False;False;True;False;True;False;2147483647;2147483647;6;5;5;2022-09-21 13:26:41.023;True;2147483647;1;0;5;2147483647;2147483647;4;2022-09-21 13:26:41.023;Admin;True;0;;False;1;0;False;2147483647;;False;False;False;2147483647;2147483647;2147483647;2147483647
6;0;MyController CP1 Input 7;MyController CP1 Input 7;2147483647;2147483647;2147483647;2147483647;2147483647;2147483647;2147483647;2147483647;True;False;False;False;False;False;False;True;False;True;False;2147483647;2147483647;7;5;5;2022-09-21 13:26:41.053;True;2147483647;1;0;6;2147483647;2147483647;4;2022-09-21 13:26:41.053;Admin;True;0;;False;1;0;False;2147483647;;False;False;False;2147483647;2147483647;2147483647;2147483647
7;0;MyController CP1 Input 8;MyController CP1 Input 8;2147483647;2147483647;2147483647;2147483647;2147483647;2147483647;2147483647;2147483647;True;False;False;False;False;False;False;True;False;True;False;2147483647;2147483647;8;5;5;2022-09-21 13:26:41.083;True;2147483647;1;0;7;2147483647;2147483647;4;2022-09-21 13:26:41.083;Admin;True;0;;False;1;0;False;2147483647;;False;False;False;2147483647;2147483647;2147483647;2147483647
8;0;MyController RD1 Input 1;MyController RD1 Input 1;2147483647;2147483647;2147483647;2147483647;2147483647;2147483647;2147483647;2147483647;True;False;False;False;False;False;False;True;False;True;False;2147483647;2147483647;105;5;5;2022-09-21 13:26:43.683;True;2147483647;4;0;0;2147483647;2147483647;4;2022-09-21 13:26:43.683;Admin;True;0;;False;1;0;False;2147483647;;False;False;False;2147483647;2147483647;2147483647;2147483647
9;0;MyController RD1 Input 2;MyController RD1 Input 2;2147483647;2147483647;2147483647;2147483647;2147483647;2147483647;2147483647;2147483647;True;False;False;False;False;False;False;True;False;True;False;2147483647;2147483647;106;1;1;2022-09-21 13:26:43.723;True;2147483647;4;0;1;2147483647;2147483647;4;2022-09-21 13:26:43.723;Admin;True;0;;False;1;0;False;2147483647;;False;False;False;2147483647;2147483647;2147483647;2147483647
10;0;MyController RD1 Input 3;MyController RD1 Input 3;2147483647;2147483647;2147483647;2147483647;2147483647;2147483647;2147483647;2147483647;True;False;False;False;False;False;False;True;False;True;False;2147483647;2147483647;107;5;5;2022-09-21 13:26:43.750;True;2147483647;4;0;2;2147483647;2147483647;4;2022-09-21 13:26:43.750;Admin;True;0;;False;1;0;False;2147483647;;False;False;False;2147483647;2147483647;2147483647;2147483647
11;0;MyController RD1 Input 4;MyController RD1 Input 4;2147483647;2147483647;2147483647;2147483647;2147483647;2147483647;2147483647;2147483647;True;False;False;False;False;False;False;True;False;True;False;2147483647;2147483647;108;5;5;2022-09-21 13:26:43.803;True;2147483647;4;0;3;2147483647;2147483647;4;2022-09-21 13:26:43.803;Admin;True;0;;False;1;0;False;2147483647;;False;False;False;2147483647;2147483647;2147483647;2147483647
12;0;MyController RD1 Input 5;MyController RD1 Input 5;2147483647;2147483647;2147483647;2147483647;2147483647;2147483647;2147483647;2147483647;True;False;False;False;False;False;False;True;False;True;False;2147483647;2147483647;109;5;5;2022-09-21 13:26:43.843;True;2147483647;4;0;4;2147483647;2147483647;4;2022-09-21 13:26:43.843;Admin;True;0;;False;1;0;False;2147483647;;False;False;False;2147483647;2147483647;2147483647;2147483647
13;0;MyController RD1 Input 6;MyController RD1 Input 6;2147483647;2147483647;2147483647;2147483647;2147483647;2147483647;2147483647;2147483647;True;False;False;False;False;False;False;True;False;True;False;2147483647;2147483647;110;1;1;2022-09-21 13:26:43.867;True;2147483647;4;0;5;2147483647;2147483647;4;2022-09-21 13:26:43.867;Admin;True;0;;False;1;0;False;2147483647;;False;False;False;2147483647;2147483647;2147483647;2147483647
14;0;MyController RD1 Input 7;MyController RD1 Input 7;2147483647;2147483647;2147483647;2147483647;2147483647;2147483647;2147483647;2147483647;True;False;False;False;False;False;False;True;False;True;False;2147483647;2147483647;111;5;5;2022-09-21 13:26:43.900;True;2147483647;4;0;6;2147483647;2147483647;4;2022-09-21 13:26:43.900;Admin;True;0;;False;1;0;False;2147483647;;False;False;False;2147483647;2147483647;2147483647;2147483647
15;0;MyController RD1 Input 8;MyController RD1 Input 8;2147483647;2147483647;2147483647;2147483647;2147483647;2147483647;2147483647;2147483647;True;False;False;False;False;False;False;True;False;True;False;2147483647;2147483647;112;5;5;2022-09-21 13:26:43.930;True;2147483647;4;0;7;2147483647;2147483647;4;2022-09-21 13:26:43.930;Admin;True;0;;False;1;0;False;2147483647;;False;False;False;2147483647;2147483647;2147483647;2147483647
16;1;CP1 Input 1;CP1 Input 1;2147483647;2147483647;2147483647;2147483647;2147483647;2147483647;2147483647;2147483647;True;False;False;False;False;False;False;True;False;True;False;2147483647;2147483647;1;5;5;2022-09-21 13:45:17.580;True;2147483647;1;0;0;2147483647;2147483647;4;2022-09-21 13:45:17.580;Admin;True;0;;False;1;1;False;2147483647;;False;False;False;2147483647;2147483647;2147483647;2147483647
17;1;CP1 Input 2;CP1 Input 2;2147483647;2147483647;2147483647;2147483647;2147483647;2147483647;2147483647;2147483647;True;False;False;False;False;False;False;True;False;True;False;2147483647;2147483647;2;5;5;2022-09-21 13:45:17.623;True;2147483647;1;0;1;2147483647;2147483647;4;2022-09-21 13:45:17.623;Admin;True;0;;False;1;1;False;2147483647;;False;False;False;2147483647;2147483647;2147483647;2147483647
18;1;CP1 Input 3;CP1 Input 3;2147483647;2147483647;2147483647;2147483647;2147483647;2147483647;2147483647;2147483647;True;False;False;False;False;False;False;True;False;True;False;2147483647;2147483647;3;5;5;2022-09-21 13:45:17.640;True;2147483647;1;0;2;2147483647;2147483647;4;2022-09-21 13:45:17.640;Admin;True;0;;False;1;1;False;2147483647;;False;False;False;2147483647;2147483647;2147483647;2147483647
19;1;CP1 Input 4;CP1 Input 4;2147483647;2147483647;2147483647;2147483647;2147483647;2147483647;2147483647;2147483647;True;False;False;False;False;False;False;True;False;True;False;2147483647;2147483647;4;5;5;2022-09-21 13:45:17.663;True;2147483647;1;0;3;2147483647;2147483647;4;2022-09-21 13:45:17.663;Admin;True;0;;False;1;1;False;2147483647;;False;False;False;2147483647;2147483647;2147483647;2147483647
20;1;CP1 Input 5;CP1 Input 5;2147483647;2147483647;2147483647;2147483647;2147483647;2147483647;2147483647;2147483647;True;False;False;False;False;False;False;True;False;True;False;2147483647;2147483647;5;5;5;2022-09-21 13:45:17.690;True;2147483647;1;0;4;2147483647;2147483647;4;2022-09-21 13:45:17.690;Admin;True;0;;False;1;1;False;2147483647;;False;False;False;2147483647;2147483647;2147483647;2147483647
21;1;CP1 Input 6;CP1 Input 6;2147483647;2147483647;2147483647;2147483647;2147483647;2147483647;2147483647;2147483647;True;False;False;False;False;False;False;True;False;True;False;2147483647;2147483647;6;5;5;2022-09-21 13:45:17.713;True;2147483647;1;0;5;2147483647;2147483647;4;2022-09-21 13:45:17.713;Admin;True;0;;False;1;1;False;2147483647;;False;False;False;2147483647;2147483647;2147483647;2147483647
22;1;CP1 Input 7;CP1 Input 7;2147483647;2147483647;2147483647;2147483647;2147483647;2147483647;2147483647;2147483647;True;False;False;False;False;False;False;True;False;True;False;2147483647;2147483647;7;5;5;2022-09-21 13:45:17.743;True;2147483647;1;0;6;2147483647;2147483647;4;2022-09-21 13:45:17.743;Admin;True;0;;False;1;1;False;2147483647;;False;False;False;2147483647;2147483647;2147483647;2147483647
23;1;CP1 Input 8;CP1 Input 8;2147483647;2147483647;2147483647;2147483647;2147483647;2147483647;2147483647;2147483647;True;False;False;False;False;False;False;True;False;True;False;2147483647;2147483647;8;5;5;2022-09-21 13:45:17.767;True;2147483647;1;0;7;2147483647;2147483647;4;2022-09-21 13:45:17.767;Admin;True;0;;False;1;1;False;2147483647;;False;False;False;2147483647;2147483647;2147483647;2147483647
